filename,url_encoded
adams county.png,adams%20county.png
arapahoe county.png,arapahoe%20county.png
arvada.png,arvada.png
aurora.png,aurora.png
Boulder County.png,Boulder%20County.png
boulder.png,boulder.png
broomfield.png,broomfield.png
centennial.png,centennial.png
central city colorado.png,central%20city%20colorado.png
city-of-lone-tree-logo.png,city-of-lone-tree-logo.png
Denver Zoo.png,Denver%20Zoo.png
denver.png,denver.png
DMNS.png,DMNS.png
edgewater.png,edgewater.png
englewood.png,englewood.png
erie.png,erie.png
fort collins utilities.png,fort%20collins%20utilities.png
Frisco.png,Frisco.png
garfield county.png,garfield%20county.png
grand county.png,grand%20county.png
greeley.png,greeley.png
jeffco.png,jeffco.png
jefferson.png,jefferson.png
lafayette.png,lafayette.png
Lake County.png,Lake%20County.png
lakewood  sustainability.png,lakewood%20%20sustainability.png
lakewood.png,lakewood.png
littleton.png,littleton.png
lone tree.png,lone%20tree.png
longmont.png,longmont.png
Louisville.png,Louisville.png
minturn.png,minturn.png
nederland.png,nederland.png
northglenn.png,northglenn.png
northglenn2.png,northglenn2.png
pueblo county.png,pueblo%20county.png
Salida.png,Salida.png
sterling ranch.png,sterling%20ranch.png
summit county.png,summit%20county.png
superior.png,superior.png
thornton.png,thornton.png
westminster.png,westminster.png
wheatridge.png,wheatridge.png
windsor.png,windsor.png
xcel energy.png,xcel%20energy.png
